practice 1

Student 테이블에서 모든 학생의 이름과 ID, 체중을 출력
컬럼 이름은 "ID AND WEIGHT"

TESTDB>select name||' ''s ID: '||id||' is '|| weight "ID AND WEIGHT" from student;

ID AND WEIGHT
--------------------------------------------------------------------------------------------------------------------------------------------------------------------------------------------------------
James Seo 's ID: 75true is 72
Rene Russo 's ID: Russo is 64
Sandra Bullock 's ID: Bullock is 52
Demi Moore 's ID: Moore is 83
Danny Glover 's ID: Glover is 70
Billy Crystal 's ID: Crystal is 48
Nicholas Cage 's ID: Cage is 42
Micheal Keaton 's ID: Keaton is 55
Bill Murray 's ID: Murray is 58
Macaulay Culkin 's ID: Culkin is 54
Richard Dreyfus 's ID: Dreyfus is 72
Tim Robbins 's ID: Robbins is 70
Wesley Snipes 's ID: Snipes is 82
Steve Martin 's ID: Martin is 51
Daniel Day-Lewis 's ID: Day-Lewis is 62
Danny Devito 's ID: Devito is 48
Sean Connery 's ID: Connery is 63
Christian Slater 's ID: Slater is 69
Charlie Sheen 's ID: Sheen is 81
Anthony Hopkins 's ID: Hopkins is 51

20 rows selected.

practice 2
emp 테이블을 조회하여 모든 사람의 이름과 직업을 출력

TESTDB>select ename||'('||job||')'|| ' , '||ename||''''||job||'''' "NAME AND JOB" from emp;

NAME AND JOB
------------------------------------------------------------------------------------------
SMITH(CLERK) , SMITH'CLERK'
ALLEN(SALESMAN) , ALLEN'SALESMAN'
WARD(SALESMAN) , WARD'SALESMAN'
JONES(MANAGER) , JONES'MANAGER'
MARTIN(SALESMAN) , MARTIN'SALESMAN'
BLAKE(MANAGER) , BLAKE'MANAGER'
CLARK(MANAGER) , CLARK'MANAGER'
SCOTT(ANALYST) , SCOTT'ANALYST'
KING(PRESIDENT) , KING'PRESIDENT'
TURNER(SALESMAN) , TURNER'SALESMAN'
JAMES(CLERK) , JAMES'CLERK'
FORD(ANALYST) , FORD'ANALYST'
MILLER(CLERK) , MILLER'CLERK'

13 rows selected.

practice 3
emp 테이블을 조회하여 모든 사원의 이름과 급여를 출력

TESTDB>select ename||'''s sal is $'|| sal "Name and Sal" from emp;

Name and Sal
--------------------------------------------------------------------------------------------------------------------------
SMITH's sal is $800
ALLEN's sal is $1600
WARD's sal is $1250
JONES's sal is $2975
MARTIN's sal is $1250
BLAKE's sal is $2850
CLARK's sal is $2450
SCOTT's sal is $3000
KING's sal is $5000
TURNER's sal is $1500
JAMES's sal is $950
FORD's sal is $3000
MILLER's sal is $1300

13 rows selected.

practice 4
Student 테이블을 참조해서 1전공이(deptno1 컬럼) 201번인 학생의 이름과 전화번호와 지역번호를 출력. 지역번호는 숫자만 나와야 한다

TESTDB>SELECT name, tel, SUBSTR(tel, 1, INSTR(tel, ')',1,1) -1) "AREA CODE"
  2  FROM student
  3  WHERE deptno1 = 201;

NAME                 TEL                            AREA CODE
-------------------- ------------------------------ ------------------------------------------------------------------------------------------------------------------------
Demi Moore           02)6255-9875                   02
Macaulay Culkin      02)312-9838                    02
Wesley Snipes        053)736-4981                   053
Steve Martin         02)6175-3945                   02
Sean Connery         02)381-5440                    02
Christian Slater     031)345-5677                   031

6 rows selected.

practice 5
emp 테이블을 사용하여 deptno가 10번인 사원들의 사원이름을 총 9바이트로 출력하되 빈자리에는 해당 자리의 숫자로 채우자

TESTDB>SELECT LPAD(ename, 9, '123456789') "LPAD"
  2  FROM emp
  3  WHERE deptno = 10;

LPAD
------------------------------------------------------------------------
1234CLARK
12345KING
123MILLER

practice 6
emp 테이블에서 deptno가 10번인 사원들의 이름을 총 9자리로 출력하되 오른쪽 빈자리에는 해당 자릿수에 해당하는 숫자가 출력되게 하자

TESTDB>SELECT RPAD(ename, 9, SUBSTRB('123456789', LENGTHB(ename)+1)) "RPAD"
  2  FROM emp
  3  WHERE deptno = 10;

RPAD
------------------------------------------------------------------------
CLARK6789
KING56789
MILLER789

practice 7
emp 테이블에서 20번 부서에 소속된 직원들의 이름과 3~4번째 글자만 '-'으로 변경해서 출력

TESTDB>SELECT ename, REPLACE(ename, SUBSTR(ename, 3,2), '--') "REPLACE"
  2  FROM emp
  3  WHERE deptno = 20;

ENAME                REPLACE
-------------------- ----------------------------------------
SMITH                SM--H
JONES                JO--S
SCOTT                SC--T
FORD                 FO--

practice 8
Student 테이블에서 1전공(deptno1)이 101번인 학생들의 이름과 주민등록번호를 출력하되 주민등록번호의 뒤 7자리는 '-'과 '/'로 표시되게 출력

TESTDB>SELECT name, jumin, REPLACE(jumin, SUBSTR(jumin, 7, 7), '-/-/-/-' ) "REPLACE"
  2  FROM student
  3  WHERE deptno1 = 101;

NAME                 JUMIN                REPLACE
-------------------- -------------------- --------------------
James Seo            7510231901813        751023-/-/-/-
Billy Crystal        7601232186327        760123-/-/-/-
Richard Dreyfus      7711291186223        771129-/-/-/-
Danny Devito         7808192157498        780819-/-/-/-

practice 9
Student 테이블에서 1전공이 102번인 학생들의 이름과 전화번호, 전화번호에서 국번 부분만 '*' 처리하여 출력. 모든 국번은 3자리로 간주
TESTDB>SELECT name, tel, REPLACE(tel, SUBSTR(tel, 5, 3), '***') "REPLACE"
  2  FROM student
  3  WHERE deptno1 = 102;

NAME                 TEL                            REPLACE
-------------------- ------------------------------ --------------------
Rene Russo           051)426-1700                   051)***-1700
Nicholas Cage        051)418-9627                   051)***-9627
Tim Robbins          055)488-2998                   055)***-2998
Charlie Sheen        055)423-9870                   055)***-9870

TESTDB>SELECT   name, tel, REPLACE(tel, SUBSTR(tel, INSTR(tel,'-')+1), '****') "REPLACE"
  2  FROM student
  3  WHERE deptno1 = 101;

NAME                 TEL                            REPLACE
-------------------- ------------------------------ --------------------
James Seo            055)381-2158                   055)381-****
Billy Crystal        055)333-6328                   055)333-****
Richard Dreyfus      02)6788-4861                   02)6788-****
Danny Devito         055)278-3649                   055)278-****
